{"privacy0.60":0.5952181711,"privacy0.40":0.5952181711,"privacy0.50":0.5952181711,"utility0.50":0.1887627017,"privacy0.30":0.5952181711,"privacy0.20":0.5422594143}