{"privacy0.60":0.9032875075,"privacy0.40":0.8378959953,"privacy0.50":0.8894202033,"utility0.50":0.177286312,"privacy0.30":0.7875672445,"privacy0.20":0.6600119547,"utility0.60":0.1892408847,"utility0.70":0.2315600717,"utility0.80":0.3074716079,"utility0.90":0.5439330544}